{"username": ["smy@anhereef.com"], "inner_job": [{"job_label": "job-eff3697e-9a47-bc40-c429-246330b34d28", "update_time": "2022-05-18 10:19:22:514466", "job_name": "c_桌面进入微信", "job_user_name": "wmj@anhereef.com"}, {"job_label": "job-272f7a94-cdc5-d827-e507-48f374792994", "update_time": "2022-04-01 15:45:17:698092", "job_name": "回到主页-微信", "job_user_name": "smy@anhereef.com"}, {"job_label": "job-fa329d76-1f2c-1bd0-7874-6f9dcdcf5e3f", "update_time": "2022-06-17 09:53:22:196178", "job_name": "回到桌面-用例开始-全面屏-5SE_主机+1号僚机", "job_user_name": "gejuan@anhereef.com"}, {"job_label": "job-0b1e3b68-f9bf-9bab-ccbe-e960fc505713", "update_time": "2022-06-09 11:43:36:061290", "job_name": "回到桌面-用例结束-全面屏-5SE_主机+1号僚机", "job_user_name": "gejuan@anhereef.com"}, {"job_label": "job-076ce83e-8240-4c50-408c-f7795e4f7c46", "update_time": "2022-06-13 14:14:50:403680", "job_name": "c_抖音_桌面进入抖音_赛事用例_OnePlus|MT", "job_user_name": "smy@anhereef.com"}, {"job_label": "job-8128fcd2-4ced-e2cc-6107-5b655520fa8d", "update_time": "2022-06-08 18:06:38:705423", "job_name": "c_stress_微信_僚1挂断语音电话_5SE", "job_user_name": "wmj@anhereef.com"}, {"job_label": "job-c7f48a1a-a3e5-d2fc-e569-395bbb744014", "update_time": "2022-06-15 15:31:41:280257", "job_name": "c_stress_微信_僚1挂断视频电话-5SE", "job_user_name": "wmj@anhereef.com"}, {"job_label": "job-d5533abc-f322-6550-2362-b70515a9f4cd", "update_time": "2022-06-01 16:49:56:268353", "job_name": "c_stress_抖音_浏览推荐视频_5SE_OnePlus|MT", "job_user_name": "smy@anhereef.com"}, {"job_label": "job-27a8e0a1-fdc5-ac7a-bbbd-c37e8366f1f0", "update_time": "2022-06-06 16:20:57:586258", "job_name": "c_stress_黑屏与APP闪退判断_直播用例_OnePlus", "job_user_name": "smy@anhereef.com"}, {"job_label": "job-aa5d4419-3956-2c82-37d9-7be2ffe3af70", "update_time": "2022-06-17 15:59:02:478724", "job_name": "c_stress_微信_僚机拨打视频电话后主机接听并返回桌面_5SE_OnePlus", "job_user_name": "smy@anhereef.com"}, {"job_label": "job-3b255f64-cf90-7132-413a-622e95417f56", "update_time": "2022-06-17 15:57:43:785513", "job_name": "c_stress_微信_僚机拨打语音电话-主机接听后返回桌面_5SE_OnePlus", "job_user_name": "smy@anhereef.com"}, {"job_label": "job-540bbc3a-7cd2-9434-f325-47beee606434", "update_time": "2022-06-08 17:16:34:295528", "job_name": "清理后台-全面屏-5SE（清除两个app）_主机+1号僚机_OnePlus", "job_user_name": "smy@anhereef.com"}], "job": [{"job_label": "job-28f8ed70-9010-ab4a-1f1c-6db138a5d562", "update_time": "2022-06-08 17:24:35:148373", "job_name": "直播用例_stress_抖音_微信(刷抖音时来微信语音,微信视频)_OnePlus", "job_user_name": "smy@anhereef.com"}]}